2,همیشه می‌‌توانم احساساتم را کنترل کنم.,همیشه می‌‌توانم احساساتم را کنترل کنم.,خیلی مخالفم,مخالفم,تا حدودی,موافقم,کاملا موافقم,1,1,[1479],24,0,,
2,در خلال حوادث ورزشی دوست دارم جزیی از جمعیت باشم و مانند بقیه رفتار کنم.,در خلال حوادث ورزشی دوست دارم جزیی از جمعیت باشم و مانند بقیه رفتار کنم.,خیلی مخالفم,مخالفم,تا حدودی,موافقم,کاملا موافقم,1,1,[1480],24,0,,
2,علایق فکری وسیع و متنوعی دارم.,علایق فکری وسیع و متنوعی دارم.,خیلی مخالفم,مخالفم,تا حدودی,موافقم,کاملا موافقم,1,1,[1481],24,0,,
2,فرد مهم و برتری هستم.,فرد مهم و برتری هستم.,خیلی مخالفم,مخالفم,تا حدودی,موافقم,کاملا موافقم,1,1,[1482],24,0,,
2,فرد بسیار منضبطی هستم و می‌توانم خود را به‌‎خوبی کنترل کنم.,فرد بسیار منضبطی هستم و می‌توانم خود را به‌‎خوبی کنترل کنم.,خیلی مخالفم,مخالفم,تا حدودی,موافقم,کاملا موافقم,1,1,[1483],24,0,,
2,از لحاظ عاطفی، فردی کاملا باثبات و متعادل هستم.,از لحاظ عاطفی، فردی کاملا باثبات و متعادل هستم.,خیلی مخالفم,مخالفم,تا حدودی,موافقم,کاملا موافقم,1,1,[1484],24,0,,
2, زود خنده‌ام می‌گیرد., زود خنده‌ام می‌گیرد.,خیلی مخالفم,مخالفم,تا حدودی,موافقم,کاملا موافقم,1,1,[1485],24,0,,
2,معتقدم که فلسفه جدید "آزادی فردی" فلسفه قابل قبولی نیست.,معتقدم که فلسفه جدید "آزادی فردی" فلسفه قابل قبولی نیست.,خیلی مخالفم,مخالفم,تا حدودی,موافقم,کاملا موافقم,1,1,[1486],24,0,,
2,ترجیح می دهم دیگران مرا فردی دل رحم و خطا بخش بشناسند تا صرفا طرفدار اجرای عدالت.,ترجیح می دهم دیگران مرا فردی دل رحم و خطا بخش بشناسند تا صرفا طرفدار اجرای عدالت.,خیلی مخالفم,مخالفم,تا حدودی,موافقم,کاملا موافقم,1,1,[1487],24,0,,
2,قبل از پاسخ دادن به سوال، به‌دقت درباره آن‌ فکر می‌کنم.,قبل از پاسخ دادن به سوال، به‌دقت درباره آن‌ فکر می‌کنم.,خیلی مخالفم,مخالفم,تا حدودی,موافقم,کاملا موافقم,1,1,[1488],24,0,,
2,من فرد نگرانی نیستم.,من فرد نگرانی نیستم.,خیلی مخالفم,مخالفم,تا حدودی,موافقم,کاملا موافقم,1,1,[1249],1,0,,
2,بیشتر افرادی که می‌شناسم را دوست دارم.,بیشتر افرادی که می‌شناسم را دوست دارم.,خیلی مخالفم,مخالفم,تا حدودی,موافقم,کاملا موافقم,1,1,[1250],1,0,,
2,من قدرت تخیل و تصویرسازی ذهنی فعالی دارم.,من قدرت تخیل و تصویرسازی ذهنی فعالی دارم.,خیلی مخالفم,مخالفم,تا حدودی,موافقم,کاملا موافقم,1,1,[1251],1,0,,
2,من معمولا در مورد قصد و نیت دیگران بدبین و بدگمان هستم.,من معمولا در مورد قصد و نیت دیگران بدبین و بدگمان هستم.,خیلی مخالفم,مخالفم,تا حدودی,موافقم,کاملا موافقم,1,1,[1252],1,0,,
2,من به محتاط بودن و داشتن عقل سلیم مشهورم.,من به محتاط بودن و داشتن عقل سلیم مشهورم.,خیلی مخالفم,مخالفم,تا حدودی,موافقم,کاملا موافقم,1,1,[1253],1,0,,
2,من از نحوه برخورد دیگران عصبانی می‌شوم.,من از نحوه برخورد دیگران عصبانی می‌شوم.,خیلی مخالفم,مخالفم,تا حدودی,موافقم,کاملا موافقم,1,1,[1254],1,0,,
2,من معمولا از جمع‌های پرهیاهو و شلوغ دوری می‌کنم.,من معمولا از جمع‌های پرهیاهو و شلوغ دوری می‌کنم.,خیلی مخالفم,مخالفم,تا حدودی,موافقم,کاملا موافقم,1,1,[1255],1,0,,
2,مسائل و مطالب مربوط به هنر و زیبایی‌شناسی برای من اهمیت چندانی ندارند.,مسائل و مطالب مربوط به هنر و زیبایی‌شناسی برای من اهمیت چندانی ندارند.,خیلی مخالفم,مخالفم,تا حدودی,موافقم,کاملا موافقم,1,1,[1256],1,0,,
2,از ملاقات و صحبت با افراد حیله گر و مکار خوشم نمی آید.,از ملاقات و صحبت با افراد حیله گر و مکار خوشم نمی آید.,خیلی مخالفم,مخالفم,تا حدودی,موافقم,کاملا موافقم,1,1,[1257],1,0,,
2,من برای انجام کارهای خود ترجیح می‌دهم تا بدون طرح و نقشه قبلی و با ذهن باز به استقبال اتفاقات آینده بروم.,من برای انجام کارهای خود ترجیح می‌دهم تا بدون طرح و نقشه قبلی و با ذهن باز به استقبال اتفاقات آینده بروم.,خیلی مخالفم,مخالفم,تا حدودی,موافقم,کاملا موافقم,1,1,[1258],1,0,,
2,من به‌ندرت احساس تنهایی و غمگینی می‌کنم.,من به‌ندرت احساس تنهایی و غمگینی می‌کنم.,خیلی مخالفم,مخالفم,تا حدودی,موافقم,کاملا موافقم,1,1,[1259],2,0,,
2,من در انجام کارهای خود مسلط، قوی و قاطع هستم.,من در انجام کارهای خود مسلط، قوی و قاطع هستم.,خیلی مخالفم,مخالفم,تا حدودی,موافقم,کاملا موافقم,1,1,[1260],2,0,,
2,زندگی بدون هیجان برای من جذاب نخواهد بود.,زندگی بدون هیجان برای من جذاب نخواهد بود.,خیلی مخالفم,مخالفم,تا حدودی,موافقم,کاملا موافقم,1,1,[1261],2,0,,
2,برخی از افراد، من را به‌عنوان یک انسان خودخواه و خود‌رآی می‌شناسند.,برخی از افراد، من را به‌عنوان یک انسان خودخواه و خود‌رآی می‌شناسند.,خیلی مخالفم,مخالفم,تا حدودی,موافقم,کاملا موافقم,1,1,[1262],2,0,,
2,سعی می‌کنم وظایف محول شده را با صداقت و درستی انجام بدهم.,سعی می‌کنم وظایف محول شده را با صداقت و درستی انجام بدهم.,خیلی مخالفم,مخالفم,تا حدودی,موافقم,کاملا موافقم,1,1,[1263],2,0,,
2,من همیشه از این می‌ترسم که در معامله با مردم مرتکب یک اشتباه بزرگ بشوم.,من همیشه از این می‌ترسم که در معامله با مردم مرتکب یک اشتباه بزرگ بشوم.,خیلی مخالفم,مخالفم,تا حدودی,موافقم,کاملا موافقم,1,1,[1264],2,0,,
2,من در زمان کار و تفریح عجله و شتاب به خرج نمی‌دهم.,من در زمان کار و تفریح عجله و شتاب به خرج نمی‌دهم.,خیلی مخالفم,مخالفم,تا حدودی,موافقم,کاملا موافقم,1,1,[1265],2,0,,
2,من در انجام کارهای خود از یک روش ثابت و مشخص پیروی می‌کنم.,من در انجام کارهای خود از یک روش ثابت و مشخص پیروی می‌کنم.,خیلی مخالفم,مخالفم,تا حدودی,موافقم,کاملا موافقم,1,1,[1266],2,0,,
2,من به‌جای رقابت با دیگران، ترجیح می‌دهم با آن‌ها همکاری کنم.,من به‌جای رقابت با دیگران، ترجیح می‌دهم با آن‌ها همکاری کنم.,خیلی مخالفم,مخالفم,تا حدودی,موافقم,کاملا موافقم,1,1,[1267],2,0,,
2,من فردی راحت‌طلب و تنبل هستم.,من فردی راحت‌طلب و تنبل هستم.,خیلی مخالفم,مخالفم,تا حدودی,موافقم,کاملا موافقم,1,1,[1268],2,0,,
2,من به ندرت در کارها زیاده روی می کنم.,من به ندرت در کارها زیاده روی می کنم.,خیلی مخالفم,مخالفم,تا حدودی,موافقم,کاملا موافقم,1,1,[1269],3,0,,
2,من معمولا تشنه هیجان و تحرک هستم.,من معمولا تشنه هیجان و تحرک هستم.,خیلی مخالفم,مخالفم,تا حدودی,موافقم,کاملا موافقم,1,1,[1270],3,0,,
2,من معمولا از بازی کردن با نظریه‌ها و افکار خیالی لذت می ‌برم.,من معمولا از بازی کردن با نظریه‌ها و افکار خیالی لذت می ‌برم.,خیلی مخالفم,مخالفم,تا حدودی,موافقم,کاملا موافقم,1,1,[1271],3,0,,
2,من از لاف زدن درباره استعدادها و موفقیتهای خودم بدم نمی آید.,من از لاف زدن درباره استعدادها و موفقیتهای خودم بدم نمی آید.,خیلی مخالفم,مخالفم,تا حدودی,موافقم,کاملا موافقم,1,1,[1272],3,0,,
2,من زمان‌بندی فعالیت‌های خود را طوری تنظیم می‌کنم تا کارهای محوله را به‌موقع به پایان برسانم.,من زمان‌بندی فعالیت‌های خود را طوری تنظیم می‌کنم تا کارهای محوله را به‌موقع به پایان برسانم.,خیلی مخالفم,مخالفم,تا حدودی,موافقم,کاملا موافقم,1,1,[1273],3,0,,
2,معمولا احساس درماندگی و ناتوانی می‌کنم و تمایل دارم شخص دیگری مشکلاتم را حل کند.,معمولا احساس درماندگی و ناتوانی می‌کنم و تمایل دارم شخص دیگری مشکلاتم را حل کند.,خیلی مخالفم,مخالفم,تا حدودی,موافقم,کاملا موافقم,1,1,[1274],3,0,,
2,من هیچوقت به آن اندازه خوشحال نبوده‌ام که به اصطلاح از خوشی به هوا بپرم.,من هیچوقت به آن اندازه خوشحال نبوده‌ام که به اصطلاح از خوشی به هوا بپرم.,خیلی مخالفم,مخالفم,تا حدودی,موافقم,کاملا موافقم,1,1,[1275],3,0,,
2,به نظر من اگر دانشجویان به سخنرانی‌های چالشی و متناقض گوش بدهند، دچار سردرگمی و انحراف فکری بیشتری خواهند شد.,به نظر من اگر دانشجویان به سخنرانی‌های چالشی و متناقض گوش بدهند، دچار سردرگمی و انحراف فکری بیشتری خواهند شد.,خیلی مخالفم,مخالفم,تا حدودی,موافقم,کاملا موافقم,1,1,[1276],3,0,,
2,رهبران سیاسی باید درباره جنبه‌های انسانی برنامه‌های خود آگاهی بیشتری داشته باشند.,رهبران سیاسی باید درباره جنبه‌های انسانی برنامه‌های خود آگاهی بیشتری داشته باشند.,خیلی مخالفم,مخالفم,تا حدودی,موافقم,کاملا موافقم,1,1,[1277],3,0,,
2,در طی سالهای گذشته، گاهی کارهای کاملا بی‌ربط انجام داده‌ام.,در طی سالهای گذشته، گاهی کارهای کاملا بی‌ربط انجام داده‌ام.,خیلی مخالفم,مخالفم,تا حدودی,موافقم,کاملا موافقم,1,1,[1278],3,0,,
2,من به‌سرعت دچار ترس می‌شوم.,من به‌سرعت دچار ترس می‌شوم.,خیلی مخالفم,مخالفم,تا حدودی,موافقم,کاملا موافقم,1,1,[1279],4,0,,
2,من از صحبت کردن با دیگران لذت چندانی نمی‌برم.,من از صحبت کردن با دیگران لذت چندانی نمی‌برم.,خیلی مخالفم,مخالفم,تا حدودی,موافقم,کاملا موافقم,1,1,[1280],4,0,,
2,من سعی می‌کنم وارد عالم رویا و خیال نشوم و همه افکارم را در راستای واقعیت‌ها هدایت می‌کنم.,من سعی می‌کنم وارد عالم رویا و خیال نشوم و همه افکارم را در راستای واقعیت‌ها هدایت می‌کنم.,خیلی مخالفم,مخالفم,تا حدودی,موافقم,کاملا موافقم,1,1,[1281],4,0,,
2,من معتقدم اکثر مردم دارای نیت خوب و دوستانه هستند.,من معتقدم اکثر مردم دارای نیت خوب و دوستانه هستند.,خیلی مخالفم,مخالفم,تا حدودی,موافقم,کاملا موافقم,1,1,[1282],4,0,,
2,من مسئولیت‌های اجتماعی مانند رای دادن را خیلی جدی نمی‌گیرم.,من مسئولیت‌های اجتماعی مانند رای دادن را خیلی جدی نمی‌گیرم.,خیلی مخالفم,مخالفم,تا حدودی,موافقم,کاملا موافقم,1,1,[1283],4,0,,
2,روحیات و خلق من در بیشتر اوقات ثابت است و نوسان چندانی ندارد.,روحیات و خلق من در بیشتر اوقات ثابت است و نوسان چندانی ندارد.,خیلی مخالفم,مخالفم,تا حدودی,موافقم,کاملا موافقم,1,1,[1284],4,0,,
2,من از این‌که افراد زیادی را در اطراف خود داشته باشم، خرسند می‌شوم.,من از این‌که افراد زیادی را در اطراف خود داشته باشم، خرسند می‌شوم.,خیلی مخالفم,مخالفم,تا حدودی,موافقم,کاملا موافقم,1,1,[1285],4,0,,
2,من گاهی در موسیقی غرق می‌شوم.,من گاهی در موسیقی غرق می‌شوم.,خیلی مخالفم,مخالفم,تا حدودی,موافقم,کاملا موافقم,1,1,[1286],4,0,,
2,اگر نیاز باشد حاضرم از افراد دیگر برای رسیدن به اهداف خود استفاده کرده و آنها را پله ترقی خود قرار دهم.,اگر نیاز باشد حاضرم از افراد دیگر برای رسیدن به اهداف خود استفاده کرده و آنها را پله ترقی خود قرار دهم.,خیلی مخالفم,مخالفم,تا حدودی,موافقم,کاملا موافقم,1,1,[1287],4,0,,
2,من لوازم خود را تمیز و پاکیزه نگاه می‌دارم.,من لوازم خود را تمیز و پاکیزه نگاه می‌دارم.,خیلی مخالفم,مخالفم,تا حدودی,موافقم,کاملا موافقم,1,1,[1288],4,0,,
2,گاهی اوقات احساس بی‌ارزش بودن به من دست می‌دهد. ,گاهی اوقات احساس بی‌ارزش بودن به من دست می‌دهد. ,خیلی مخالفم,مخالفم,تا حدودی,موافقم,کاملا موافقم,1,1,[1289],5,0,,
2,گاهی نمی‌توانم به شکل مطلوب از خود قاطعیت نشان دهم.,گاهی نمی‌توانم به شکل مطلوب از خود قاطعیت نشان دهم.,خیلی مخالفم,مخالفم,تا حدودی,موافقم,کاملا موافقم,1,1,[1290],5,0,,
2,من به ندرت دچار احساسات و عواطف قوی می شوم.,من به ندرت دچار احساسات و عواطف قوی می شوم.,خیلی مخالفم,مخالفم,تا حدودی,موافقم,کاملا موافقم,1,1,[1291],5,0,,
2,من در ملاقات با افراد سعی می‌کنم رفتاری مودب و پسندیده داشته باشم.,من در ملاقات با افراد سعی می‌کنم رفتاری مودب و پسندیده داشته باشم.,خیلی مخالفم,مخالفم,تا حدودی,موافقم,کاملا موافقم,1,1,[1292],5,0,,
2,گاهی آن‌طور که باید، صادق و قابل اعتماد نیستم.,گاهی آن‌طور که باید، صادق و قابل اعتماد نیستم.,خیلی مخالفم,مخالفم,تا حدودی,موافقم,کاملا موافقم,1,1,[1293],5,0,,
2,زمانی‌که در کنار افراد دیگر هستم، به‌ندرت احساس خجالت می‌کنم.,زمانی‌که در کنار افراد دیگر هستم، به‌ندرت احساس خجالت می‌کنم.,خیلی مخالفم,مخالفم,تا حدودی,موافقم,کاملا موافقم,1,1,[1294],5,0,,
2,زمانی‌که کاری را شروع می‌کنم، آن را با تمام علاقه و با سرعت زیاد انجام می‌دهم.,زمانی‌که کاری را شروع می‌کنم، آن را با تمام علاقه و با سرعت زیاد انجام می‌دهم.,خیلی مخالفم,مخالفم,تا حدودی,موافقم,کاملا موافقم,1,1,[1295],5,0,,
2,یاد گرفتن و تمرین سرگرمی‌ و کارهای هیجانی جدید برای من جالب است.,یاد گرفتن و تمرین سرگرمی‌ و کارهای هیجانی جدید برای من جالب است.,خیلی مخالفم,مخالفم,تا حدودی,موافقم,کاملا موافقم,1,1,[1296],5,0,,
2,در مواقع لزوم می‌توانم از دیگران ایراد بگیرم و به آنها کنایه بزنم.,در مواقع لزوم می‌توانم از دیگران ایراد بگیرم و به آنها کنایه بزنم.,خیلی مخالفم,مخالفم,تا حدودی,موافقم,کاملا موافقم,1,1,[1297],5,0,,
2,من دارای اهداف روشن و مشخصی هستم و برای دستیابی به آنها طبق یک برنامه منظم پیش می‌روم.,من دارای اهداف روشن و مشخصی هستم و برای دستیابی به آنها طبق یک برنامه منظم پیش می‌روم.,خیلی مخالفم,مخالفم,تا حدودی,موافقم,کاملا موافقم,1,1,[1298],5,0,,
2,مقاومت در برابر خواسته‌ها و هوس‌های زودگذر برای من آسان نیست.,مقاومت در برابر خواسته‌ها و هوس‌های زودگذر برای من آسان نیست.,خیلی مخالفم,مخالفم,تا حدودی,موافقم,کاملا موافقم,1,1,[1299],6,0,,
2,گذراندن تعطیلات در جاهای شلوغ و پرهیجان برایم لذت‌بخش نیست.,گذراندن تعطیلات در جاهای شلوغ و پرهیجان برایم لذت‌بخش نیست.,خیلی مخالفم,مخالفم,تا حدودی,موافقم,کاملا موافقم,1,1,[1300],6,0,,
2,بحث و استدلال درباره مطالب فلسفی، کاری بی‌فایده و کسل‌کننده است.,بحث و استدلال درباره مطالب فلسفی، کاری بی‌فایده و کسل‌کننده است.,خیلی مخالفم,مخالفم,تا حدودی,موافقم,کاملا موافقم,1,1,[1301],6,0,,
2,من ترجیح می‌دهم در مورد خود و موقعیت‌هایم حرفی نزنم.,من ترجیح می‌دهم در مورد خود و موقعیت‌هایم حرفی نزنم.,خیلی مخالفم,مخالفم,تا حدودی,موافقم,کاملا موافقم,1,1,[1302],6,0,,
2,قبل از شروع هر کاری وقت زیادی تلف می‌کنم.,قبل از شروع هر کاری وقت زیادی تلف می‌کنم.,خیلی مخالفم,مخالفم,تا حدودی,موافقم,کاملا موافقم,1,1,[1303],6,0,,
2,احساس می‌کنم قدرت مدیریت و کنار آمدن با بسیاری از مشکلات خود را دارم.,احساس می‌کنم قدرت مدیریت و کنار آمدن با بسیاری از مشکلات خود را دارم.,خیلی مخالفم,مخالفم,تا حدودی,موافقم,کاملا موافقم,1,1,[1304],6,0,,
2,گاهی حالت‌های شدیدی از شادی یا نشاط را تجربه (احساس) می‌کنم.,گاهی حالت‌های شدیدی از شادی یا نشاط را تجربه (احساس) می‌کنم.,خیلی مخالفم,مخالفم,تا حدودی,موافقم,کاملا موافقم,1,1,[1305],6,0,,
2,من معتقدم که قوانین و سیاست‌های اجتماعی باید تغییر کنند تا نیازهای دنیای امروز که به‌سرعت در حال تغییر و تحول هستند، به‌خوبی منعکس شوند.,من معتقدم که قوانین و سیاست‌های اجتماعی باید تغییر کنند تا نیازهای دنیای امروز که به‌سرعت در حال تغییر و تحول هستند، به‌خوبی منعکس شوند.,خیلی مخالفم,مخالفم,تا حدودی,موافقم,کاملا موافقم,1,1,[1306],6,0,,
2,من از لحاظ نگرش‌های اجتماعی، فردی سخت‌گیر هستم.,من از لحاظ نگرش‌های اجتماعی، فردی سخت‌گیر هستم.,خیلی مخالفم,مخالفم,تا حدودی,موافقم,کاملا موافقم,1,1,[1307],6,0,,
2,قبل از تصمیم‌گیری، جوانب مختلف مسئله را در نظر گرفته و به دقت به آن‌ها فکر میکنم.,قبل از تصمیم‌گیری، جوانب مختلف مسئله را در نظر گرفته و به دقت به آن‌ها فکر میکنم.,خیلی مخالفم,مخالفم,تا حدودی,موافقم,کاملا موافقم,1,1,[1308],6,0,,
2,به‌ندرت احساس ترس و اضطراب می‌کنم.,به‌ندرت احساس ترس و اضطراب می‌کنم.,خیلی مخالفم,مخالفم,تا حدودی,موافقم,کاملا موافقم,1,1,[1309],7,0,,
2,من به خون‌گرم و خوش‌رو بودن معروف هستم.,من به خون‌گرم و خوش‌رو بودن معروف هستم.,خیلی مخالفم,مخالفم,تا حدودی,موافقم,کاملا موافقم,1,1,[1310],7,0,,
2,من زندگی خیالی بسیار فعالی دارم.,من زندگی خیالی بسیار فعالی دارم.,خیلی مخالفم,مخالفم,تا حدودی,موافقم,کاملا موافقم,1,1,[1311],7,0,,
2,من عقيده دارم که اکثر مردم اگر به آنها اجازه داده شود ، از آدم سوء استفاده خواهند کرد.,من عقيده دارم که اکثر مردم اگر به آنها اجازه داده شود ، از آدم سوء استفاده خواهند کرد.,خیلی مخالفم,مخالفم,تا حدودی,موافقم,کاملا موافقم,1,1,[1312],7,0,,
2,خود را درباره حوادث جاری مطلع نگه می‌دارم و معمولا درباره آن‌ها تصمیمات عاقلانه‌ای می‌گیرم.,خود را درباره حوادث جاری مطلع نگه می‌دارم و معمولا درباره آن‌ها تصمیمات عاقلانه‌ای می‌گیرم.,خیلی مخالفم,مخالفم,تا حدودی,موافقم,کاملا موافقم,1,1,[1313],7,0,,
2,من به کم‌طاقتی و عصبی بودن معروف هستم.,من به کم‌طاقتی و عصبی بودن معروف هستم.,خیلی مخالفم,مخالفم,تا حدودی,موافقم,کاملا موافقم,1,1,[1314],7,0,,
2,معمولا ترجیح می‌دهم کارها را به تنهایی انجام دهم.,معمولا ترجیح می‌دهم کارها را به تنهایی انجام دهم.,خیلی مخالفم,مخالفم,تا حدودی,موافقم,کاملا موافقم,1,1,[1315],7,0,,
2,گوش دادن به موسيقي سنتي و كلاسيك برایم خسته‌کننده است.,گوش دادن به موسيقي سنتي و كلاسيك برایم خسته‌کننده است.,خیلی مخالفم,مخالفم,تا حدودی,موافقم,کاملا موافقم,1,1,[1316],7,0,,
2,حتی اگر بخواهم نیز نمی‌توانم کسی را گول بزنم.,حتی اگر بخواهم نیز نمی‌توانم کسی را گول بزنم.,خیلی مخالفم,مخالفم,تا حدودی,موافقم,کاملا موافقم,1,1,[1317],7,0,,
2,من فردی نامنظم و بی‌برنامه هستم.,من فردی نامنظم و بی‌برنامه هستم.,خیلی مخالفم,مخالفم,تا حدودی,موافقم,کاملا موافقم,1,1,[1318],7,0,,
2,به‌ندرت افسرده و غمگین می‌شوم.,به‌ندرت افسرده و غمگین می‌شوم.,خیلی مخالفم,مخالفم,تا حدودی,موافقم,کاملا موافقم,1,1,[1319],8,0,,
2,معمولا در گروه‌هایی که عضو بوده‌ام، نقش رهبری را بر عهده داشته‌ام.,معمولا در گروه‌هایی که عضو بوده‌ام، نقش رهبری را بر عهده داشته‌ام.,خیلی مخالفم,مخالفم,تا حدودی,موافقم,کاملا موافقم,1,1,[1320],8,0,,
2,به احساسات و عواطفی که اشیای مختلف در من ایجاد می‌کنند اهمیت می‌دهم.,به احساسات و عواطفی که اشیای مختلف در من ایجاد می‌کنند اهمیت می‌دهم.,خیلی مخالفم,مخالفم,تا حدودی,موافقم,کاملا موافقم,1,1,[1321],8,0,,
2,برخی از افراد، من را بی‌احساس و حساب‌گر تلقی می‌کنند.,برخی از افراد، من را بی‌احساس و حساب‌گر تلقی می‌کنند.,خیلی مخالفم,مخالفم,تا حدودی,موافقم,کاملا موافقم,1,1,[1322],8,0,,
2,بدهی‌های خود را به‌موقع و به‌صورت کامل پرداخت می‌کنم.,بدهی‌های خود را به‌موقع و به‌صورت کامل پرداخت می‌کنم.,خیلی مخالفم,مخالفم,تا حدودی,موافقم,کاملا موافقم,1,1,[1323],8,0,,
2,گاهی اوقات طوری احساس خجالت می‌کنم که در آن لحظه دوست دارم خودم را از دیگران مخفی کنم.,گاهی اوقات طوری احساس خجالت می‌کنم که در آن لحظه دوست دارم خودم را از دیگران مخفی کنم.,خیلی مخالفم,مخالفم,تا حدودی,موافقم,کاملا موافقم,1,1,[1324],8,0,,
2,ممکن است کارهایم را به کندی انجام دهم اما آنها را باثبات و به‌صورت یکنواخت به سرانجام می‌رسانم.,ممکن است کارهایم را به کندی انجام دهم اما آنها را باثبات و به‌صورت یکنواخت به سرانجام می‌رسانم.,خیلی مخالفم,مخالفم,تا حدودی,موافقم,کاملا موافقم,1,1,[1325],8,0,,
2,وقتی روش صحیح انجام دادن یک کار را پیدا کنم، به همان روش پیش رفته و آن را  ادامه می‌دهم.,وقتی روش صحیح انجام دادن یک کار را پیدا کنم، به همان روش پیش رفته و آن را  ادامه می‌دهم.,خیلی مخالفم,مخالفم,تا حدودی,موافقم,کاملا موافقم,1,1,[1326],8,0,,
2,در نشان دادن خشم و عصبانیت، صبور و پرتحمل هستم؛ حتی اگر احساس کنم که حق با من است.,در نشان دادن خشم و عصبانیت، صبور و پرتحمل هستم؛ حتی اگر احساس کنم که حق با من است.,خیلی مخالفم,مخالفم,تا حدودی,موافقم,کاملا موافقم,1,1,[1327],8,0,,
2,هرگاه برنامه‌ای را برای اصلاح رفتارهایم شروع کنم، معمولا بعد از چند روز آن را کنار می‌گذارم.,هرگاه برنامه‌ای را برای اصلاح رفتارهایم شروع کنم، معمولا بعد از چند روز آن را کنار می‌گذارم.,خیلی مخالفم,مخالفم,تا حدودی,موافقم,کاملا موافقم,1,1,[1328],8,0,,
2,مقاومت در برابر وسوسه‌ها و خواهش‌های نفسانی برای من آسان است.,مقاومت در برابر وسوسه‌ها و خواهش‌های نفسانی برای من آسان است.,خیلی مخالفم,مخالفم,تا حدودی,موافقم,کاملا موافقم,1,1,[1329],9,0,,
2,گاهی کارهایی را انجام می‌دهم که هدف از آنها تنها ایجاد هیجان و لذت است.,گاهی کارهایی را انجام می‌دهم که هدف از آنها تنها ایجاد هیجان و لذت است.,خیلی مخالفم,مخالفم,تا حدودی,موافقم,کاملا موافقم,1,1,[1330],9,0,,
2,من از حل مسئله‌های مشکل یا معما لذت می‌برم.,من از حل مسئله‌های مشکل یا معما لذت می‌برم.,خیلی مخالفم,مخالفم,تا حدودی,موافقم,کاملا موافقم,1,1,[1331],9,0,,
2,مطمئنم که از بیشتر مردم بهتر هستم.,مطمئنم که از بیشتر مردم بهتر هستم.,خیلی مخالفم,مخالفم,تا حدودی,موافقم,کاملا موافقم,1,1,[1332],9,0,,
2,فردی سازنده و مولد هستم و همیشه مسئولیت‌های خود را به پایان می‌رسانم.,فردی سازنده و مولد هستم و همیشه مسئولیت‌های خود را به پایان می‌رسانم.,خیلی مخالفم,مخالفم,تا حدودی,موافقم,کاملا موافقم,1,1,[1333],9,0,,
2,گاهی که تحت فشار روانی زیاد قرار می‌گیرم، احساس گسیختگی و تشویش می‌کنم.,گاهی که تحت فشار روانی زیاد قرار می‌گیرم، احساس گسیختگی و تشویش می‌کنم.,خیلی مخالفم,مخالفم,تا حدودی,موافقم,کاملا موافقم,1,1,[1334],9,0,,
2,فرد خوشحال و امیدواری نیستم.,فرد خوشحال و امیدواری نیستم.,خیلی مخالفم,مخالفم,تا حدودی,موافقم,کاملا موافقم,1,1,[1335],9,0,,
2,من معتقدم که برای گرفتن تصمیم درباره موضوعات اخلاقی باید از رهبران مذهبی خود تقلید و کسب تکلیف کنیم.,من معتقدم که برای گرفتن تصمیم درباره موضوعات اخلاقی باید از رهبران مذهبی خود تقلید و کسب تکلیف کنیم.,خیلی مخالفم,مخالفم,تا حدودی,موافقم,کاملا موافقم,1,1,[1336],9,0,,
2,هرچه در مورد افراد فقیر و سالمند انجام دهیم باز هم کم است.,هرچه در مورد افراد فقیر و سالمند انجام دهیم باز هم کم است.,خیلی مخالفم,مخالفم,تا حدودی,موافقم,کاملا موافقم,1,1,[1337],9,0,,
2,گاهی اقدام به انجام کاری کرده و سپس در مورد آن‌ فکر می‌کنم.,گاهی اقدام به انجام کاری کرده و سپس در مورد آن‌ فکر می‌کنم.,خیلی مخالفم,مخالفم,تا حدودی,موافقم,کاملا موافقم,1,1,[1338],9,0,,
2,بیشتر اوقات دچار تنش بوده و عصبی هستم.,بیشتر اوقات دچار تنش بوده و عصبی هستم.,خیلی مخالفم,مخالفم,تا حدودی,موافقم,کاملا موافقم,1,1,[1339],10,0,,
2,بیشتر مردم من را فردی سرد و غیراجتماعی می‌دانند.,بیشتر مردم من را فردی سرد و غیراجتماعی می‌دانند.,خیلی مخالفم,مخالفم,تا حدودی,موافقم,کاملا موافقم,1,1,[1340],10,0,,
2,من علاقه‌ای‌ ندارم که زمان خودم را با خیال‌بافی تلف کنم.,من علاقه‌ای‌ ندارم که زمان خودم را با خیال‌بافی تلف کنم.,خیلی مخالفم,مخالفم,تا حدودی,موافقم,کاملا موافقم,1,1,[1341],10,0,,
2,فکر می‌کنم بیشتر کسانی که با آنها در تماس هستم، افرادی درستکار و قابل اطمینان هستند.,فکر می‌کنم بیشتر کسانی که با آنها در تماس هستم، افرادی درستکار و قابل اطمینان هستند.,خیلی مخالفم,مخالفم,تا حدودی,موافقم,کاملا موافقم,1,1,[1342],10,0,,
2,من معمولا بدون داشتن آمادگی کافی، در موقعیت‌های مختلف حاضر می‌شوم.,من معمولا بدون داشتن آمادگی کافی، در موقعیت‌های مختلف حاضر می‌شوم.,خیلی مخالفم,مخالفم,تا حدودی,موافقم,کاملا موافقم,1,1,[1343],10,0,,
2,بیشتر مردم مرا آدمی زود رنج و بداخلاق نمی دانند.,بیشتر مردم مرا آدمی زود رنج و بداخلاق نمی دانند.,خیلی مخالفم,مخالفم,تا حدودی,موافقم,کاملا موافقم,1,1,[1344],10,0,,
2,این احساس را دارم که اگر برای مدت طولانی تنها باشم، به افراد دیگر نیاز پیدا می‌کنم.,این احساس را دارم که اگر برای مدت طولانی تنها باشم، به افراد دیگر نیاز پیدا می‌کنم.,خیلی مخالفم,مخالفم,تا حدودی,موافقم,کاملا موافقم,1,1,[1345],10,0,,
2,نظم و ترتیب خاصی که در هنر و طبیعت می‌بینم برایم بسیار جالب و لذت‌بخش است.,نظم و ترتیب خاصی که در هنر و طبیعت می‌بینم برایم بسیار جالب و لذت‌بخش است.,خیلی مخالفم,مخالفم,تا حدودی,موافقم,کاملا موافقم,1,1,[1346],10,0,,
2,کاملاً صادق و درستکار بودن برای تجارت و کاسبی خوب نیست.,کاملاً صادق و درستکار بودن برای تجارت و کاسبی خوب نیست.,خیلی مخالفم,مخالفم,تا حدودی,موافقم,کاملا موافقم,1,1,[1347],10,0,,
2,دوست دارم هر چیزی را در جای مخصوص خودش نگهداری کنم تا همیشه محل دقیق آن را بدانم.,دوست دارم هر چیزی را در جای مخصوص خودش نگهداری کنم تا همیشه محل دقیق آن را بدانم.,خیلی مخالفم,مخالفم,تا حدودی,موافقم,کاملا موافقم,1,1,[1348],10,0,,
2,من گاهی دچار احساس پشیمانی و گناه شدید می‌شوم.,من گاهی دچار احساس پشیمانی و گناه شدید می‌شوم.,خیلی مخالفم,مخالفم,تا حدودی,موافقم,کاملا موافقم,1,1,[1349],11,0,,
2,در جلسات و گفت‌وگوها اجازه می‌دهم تا دیگران بیشتر حرف بزنند.,در جلسات و گفت‌وگوها اجازه می‌دهم تا دیگران بیشتر حرف بزنند.,خیلی مخالفم,مخالفم,تا حدودی,موافقم,کاملا موافقم,1,1,[1350],11,0,,
2,به ندرت به احساس آنی خودم توجه می کنم.,به ندرت به احساس آنی خودم توجه می کنم.,خیلی مخالفم,مخالفم,تا حدودی,موافقم,کاملا موافقم,1,1,[1351],11,0,,
2,معمولا سعی می‌کنم تا نسبت به افکار و احساسات دیگران آگاهی و احترام بیشتری نشان بدهم.,معمولا سعی می‌کنم تا نسبت به افکار و احساسات دیگران آگاهی و احترام بیشتری نشان بدهم.,خیلی مخالفم,مخالفم,تا حدودی,موافقم,کاملا موافقم,1,1,[1352],11,0,,
2,من گاهی در بازی شطرنج یا بعضی از ورزش‌ها تقلب می‌کنم.,من گاهی در بازی شطرنج یا بعضی از ورزش‌ها تقلب می‌کنم.,خیلی مخالفم,مخالفم,تا حدودی,موافقم,کاملا موافقم,1,1,[1353],11,0,,
2,اگر مورد تمسخر دیگران واقع شوم، احساس ناراحتی و خجالت نمی‌کنم.,اگر مورد تمسخر دیگران واقع شوم، احساس ناراحتی و خجالت نمی‌کنم.,خیلی مخالفم,مخالفم,تا حدودی,موافقم,کاملا موافقم,1,1,[1354],11,0,,
2,بیشتر اوقات سرشار از نیرو و انرژی هستم.,بیشتر اوقات سرشار از نیرو و انرژی هستم.,خیلی مخالفم,مخالفم,تا حدودی,موافقم,کاملا موافقم,1,1,[1355],11,0,,
2,غذاهای جدید و نا‌ آشنا را امتحان می‌کنم.,غذاهای جدید و نا‌ آشنا را امتحان می‌کنم.,خیلی مخالفم,مخالفم,تا حدودی,موافقم,کاملا موافقم,1,1,[1356],11,0,,
2,اگر کسی را دوست نداشته باشم، این احساس را از وی مخفی می‌کنم.,اگر کسی را دوست نداشته باشم، این احساس را از وی مخفی می‌کنم.,خیلی مخالفم,مخالفم,تا حدودی,موافقم,کاملا موافقم,1,1,[1357],11,0,,
2,برای دستیابی و رسیدن به اهداف خود به‌شدت تلاش می‌کنم.,برای دستیابی و رسیدن به اهداف خود به‌شدت تلاش می‌کنم.,خیلی مخالفم,مخالفم,تا حدودی,موافقم,کاملا موافقم,1,1,[1358],11,0,,
2,وقتی غذای مورد علاقه‌ام را می‌بینم،  بیش از حد از آن غذا می‌خورم.,وقتی غذای مورد علاقه‌ام را می‌بینم،  بیش از حد از آن غذا می‌خورم.,خیلی مخالفم,مخالفم,تا حدودی,موافقم,کاملا موافقم,1,1,[1359],12,0,,
2,معمولا از تماشای فیلم‌های منزجر کننده و وحشتناک خودداری می‌کنم.,معمولا از تماشای فیلم‌های منزجر کننده و وحشتناک خودداری می‌کنم.,خیلی مخالفم,مخالفم,تا حدودی,موافقم,کاملا موافقم,1,1,[1360],12,0,,
2,در برخی از موارد، زمانی‌که مردم در مورد مسائل کاملا انتزاعی و نظری صحبت می‌کنند، علاقه‌ام را از دست می‌دهم.,در برخی از موارد، زمانی‌که مردم در مورد مسائل کاملا انتزاعی و نظری صحبت می‌کنند، علاقه‌ام را از دست می‌دهم.,خیلی مخالفم,مخالفم,تا حدودی,موافقم,کاملا موافقم,1,1,[1361],12,0,,
2,من سعی می‌کنم فردی افتاده و فروتن باشم.,من سعی می‌کنم فردی افتاده و فروتن باشم.,خیلی مخالفم,مخالفم,تا حدودی,موافقم,کاملا موافقم,1,1,[1362],12,0,,
2,من به زحمت می توانم خود را وادار به کاری کنم که باید انجام دهم.,من به زحمت می توانم خود را وادار به کاری کنم که باید انجام دهم.,خیلی مخالفم,مخالفم,تا حدودی,موافقم,کاملا موافقم,1,1,[1363],12,0,,
2,در مواقع اضطراری می‌توانم خونسردی خود را حفظ کنم.,در مواقع اضطراری می‌توانم خونسردی خود را حفظ کنم.,خیلی مخالفم,مخالفم,تا حدودی,موافقم,کاملا موافقم,1,1,[1364],12,0,,
2,گاهی بیش از حد احساس خوشبختی می‌کنم.,گاهی بیش از حد احساس خوشبختی می‌کنم.,خیلی مخالفم,مخالفم,تا حدودی,موافقم,کاملا موافقم,1,1,[1365],12,0,,
2,معتقدم که عقاید جوامع دیگر در مورد حق و ناحق بودن، از نظر خود آنها معتبر است.,معتقدم که عقاید جوامع دیگر در مورد حق و ناحق بودن، از نظر خود آنها معتبر است.,خیلی مخالفم,مخالفم,تا حدودی,موافقم,کاملا موافقم,1,1,[1366],12,0,,
2,من با افرادی که در خیابان‌ گدایی می‌کنند، هیچ‌گونه احساس همدردی نمی‌کنم.,من با افرادی که در خیابان‌ گدایی می‌کنند، هیچ‌گونه احساس همدردی نمی‌کنم.,خیلی مخالفم,مخالفم,تا حدودی,موافقم,کاملا موافقم,1,1,[1367],12,0,,
2,همیشه قبل از اینکه دست به کاری بزنم، پیامدهای آن را بررسی می‌کنم.,همیشه قبل از اینکه دست به کاری بزنم، پیامدهای آن را بررسی می‌کنم.,خیلی مخالفم,مخالفم,تا حدودی,موافقم,کاملا موافقم,1,1,[1368],12,0,,
2,من به ندرت درباره آینده احساس ترس و نگرانی می کنم.,من به ندرت درباره آینده احساس ترس و نگرانی می کنم.,خیلی مخالفم,مخالفم,تا حدودی,موافقم,کاملا موافقم,1,1,[1369],13,0,,
2,از صحبت کردن با دیگران لذت می‌برم.,از صحبت کردن با دیگران لذت می‌برم.,خیلی مخالفم,مخالفم,تا حدودی,موافقم,کاملا موافقم,1,1,[1370],13,0,,
2,من از تمرکز کردن بر روی یک موضوع خیالی یا "رویا در بیداری" و بررسی امکانات مختلف آن لذت برده و به این رویاها اجازه می‌دهم تا رشد کرده و شاخ و برگ پیدا کنند.,من از تمرکز کردن بر روی یک موضوع خیالی یا "رویا در بیداری" و بررسی امکانات مختلف آن لذت برده و به این رویاها اجازه می‌دهم تا رشد کرده و شاخ و برگ پیدا کنند.,خیلی مخالفم,مخالفم,تا حدودی,موافقم,کاملا موافقم,1,1,[1371],13,0,,
2,هرگاه شخصی برای من کار خوبی انجام می‌دهد، نسبت به او احساس بدگمانی و سوءظن پیدا می‌کنم.,هرگاه شخصی برای من کار خوبی انجام می‌دهد، نسبت به او احساس بدگمانی و سوءظن پیدا می‌کنم.,خیلی مخالفم,مخالفم,تا حدودی,موافقم,کاملا موافقم,1,1,[1372],13,0,,
2,من به‌خاطر درستی قضاوت‌هایم به خود می‌بالم.,من به‌خاطر درستی قضاوت‌هایم به خود می‌بالم.,خیلی مخالفم,مخالفم,تا حدودی,موافقم,کاملا موافقم,1,1,[1373],13,0,,
2,من در بیشتر مواقع نسبت به افرادی که با آنها سروکار دارم احساس تنفر و بیزاری می‌کنم.,من در بیشتر مواقع نسبت به افرادی که با آنها سروکار دارم احساس تنفر و بیزاری می‌کنم.,خیلی مخالفم,مخالفم,تا حدودی,موافقم,کاملا موافقم,1,1,[1374],13,0,,
2,من ترجیح می‌دهم کارهایی را انجام بدهم که به تنهایی و بدون تحمل مزاحمت دیگران باشند.,من ترجیح می‌دهم کارهایی را انجام بدهم که به تنهایی و بدون تحمل مزاحمت دیگران باشند.,خیلی مخالفم,مخالفم,تا حدودی,موافقم,کاملا موافقم,1,1,[1375],13,0,,
2,شعر تاثیر چندانی روی من ندارد.,شعر تاثیر چندانی روی من ندارد.,خیلی مخالفم,مخالفم,تا حدودی,موافقم,کاملا موافقم,1,1,[1376],13,0,,
2,از اینکه به عنوان فردی ریاکار شناخته شوم شرمنده می شوم.,از اینکه به عنوان فردی ریاکار شناخته شوم شرمنده می شوم.,خیلی مخالفم,مخالفم,تا حدودی,موافقم,کاملا موافقم,1,1,[1377],13,0,,
2,بسیار بعید است که بتوانم به کارهای خود نظم و ترتیب ببخشم.,بسیار بعید است که بتوانم به کارهای خود نظم و ترتیب ببخشم.,خیلی مخالفم,مخالفم,تا حدودی,موافقم,کاملا موافقم,1,1,[1378],13,0,,
2,هرگاه اشتباهی رخ بدهد یا مشکلی پیش بیاید، خودم را سرزنش می‌کنم.,هرگاه اشتباهی رخ بدهد یا مشکلی پیش بیاید، خودم را سرزنش می‌کنم.,خیلی مخالفم,مخالفم,تا حدودی,موافقم,کاملا موافقم,1,1,[1379],14,0,,
2,معمولا دیگران در تصمیم‎گیری‌های خود از من کسب تکلیف یا به عنوان الگو استفاده می‌کنند.,معمولا دیگران در تصمیم‎گیری‌های خود از من کسب تکلیف یا به عنوان الگو استفاده می‌کنند.,خیلی مخالفم,مخالفم,تا حدودی,موافقم,کاملا موافقم,1,1,[1380],14,0,,
2,معمولا هیجانات و احساسات گوناگونی به من دست می‌دهد.,معمولا هیجانات و احساسات گوناگونی به من دست می‌دهد.,خیلی مخالفم,مخالفم,تا حدودی,موافقم,کاملا موافقم,1,1,[1381],14,0,,
2,انسان سخاوتمند و دست و دلبازی نیستم.,انسان سخاوتمند و دست و دلبازی نیستم.,خیلی مخالفم,مخالفم,تا حدودی,موافقم,کاملا موافقم,1,1,[1382],14,0,,
2,وقتی قول انجام دادن کاری را  به دیگران می‌دهم‌، آنها می‌توانند به من اعتماد کنند.,وقتی قول انجام دادن کاری را  به دیگران می‌دهم‌، آنها می‌توانند به من اعتماد کنند.,خیلی مخالفم,مخالفم,تا حدودی,موافقم,کاملا موافقم,1,1,[1383],14,0,,
2,اغلب نسبت به دیگران احساس حقارت می‌کنم.,اغلب نسبت به دیگران احساس حقارت می‌کنم.,خیلی مخالفم,مخالفم,تا حدودی,موافقم,کاملا موافقم,1,1,[1384],14,0,,
2,من به اندازه دیگران چابک و سرزنده نیستم.,من به اندازه دیگران چابک و سرزنده نیستم.,خیلی مخالفم,مخالفم,تا حدودی,موافقم,کاملا موافقم,1,1,[1385],14,0,,
2,ترجیح می‌دهم زمان خود را در محیط‌های مشخص و آشنا بگذرانم.,ترجیح می‌دهم زمان خود را در محیط‌های مشخص و آشنا بگذرانم.,خیلی مخالفم,مخالفم,تا حدودی,موافقم,کاملا موافقم,1,1,[1386],14,0,,
2,وقتی شخصی به من توهین کند، سعی می‌کنم او را ببخشم و فراموش کنم.,وقتی شخصی به من توهین کند، سعی می‌کنم او را ببخشم و فراموش کنم.,خیلی مخالفم,مخالفم,تا حدودی,موافقم,کاملا موافقم,1,1,[1387],14,0,,
2,نیازی نمی‌بینم که با دیگران رقابت کنم و از آنان بهتر باشم.,نیازی نمی‌بینم که با دیگران رقابت کنم و از آنان بهتر باشم.,خیلی مخالفم,مخالفم,تا حدودی,موافقم,کاملا موافقم,1,1,[1388],14,0,,
2,من به ندرت در مقابل خواستهای آنی خود تسلیم می شوم.,من به ندرت در مقابل خواستهای آنی خود تسلیم می شوم.,خیلی مخالفم,مخالفم,تا حدودی,موافقم,کاملا موافقم,1,1,[1389],15,0,,
2,دوست دارم در مکان‌هایی حضور داشته باشم که در مرکز فعالیت و عمل باشم.,دوست دارم در مکان‌هایی حضور داشته باشم که در مرکز فعالیت و عمل باشم.,خیلی مخالفم,مخالفم,تا حدودی,موافقم,کاملا موافقم,1,1,[1390],15,0,,
2,از حل مسائل و معماهایی که ذهن انسان را به کوشش و چالش وادار می‌کنند لذت می‌برم.,از حل مسائل و معماهایی که ذهن انسان را به کوشش و چالش وادار می‌کنند لذت می‌برم.,خیلی مخالفم,مخالفم,تا حدودی,موافقم,کاملا موافقم,1,1,[1391],15,0,,
2,در مورد خودم نظر بسیار مثبتی دارم.,در مورد خودم نظر بسیار مثبتی دارم.,خیلی مخالفم,مخالفم,تا حدودی,موافقم,کاملا موافقم,1,1,[1392],15,0,,
2,وقتی کاری را شروع می‌کنم، معمولا آن را به اتمام می‌رسانم.,وقتی کاری را شروع می‌کنم، معمولا آن را به اتمام می‌رسانم.,خیلی مخالفم,مخالفم,تا حدودی,موافقم,کاملا موافقم,1,1,[1393],15,0,,
2,اغلب اوقات تصمیم گرفتن و اتخاذ یک روش قطعی برای من مشکل است.,اغلب اوقات تصمیم گرفتن و اتخاذ یک روش قطعی برای من مشکل است.,خیلی مخالفم,مخالفم,تا حدودی,موافقم,کاملا موافقم,1,1,[1394],15,0,,
2,خود را فردی شاد و سرزنده نمی‌دانم.,خود را فردی شاد و سرزنده نمی‌دانم.,خیلی مخالفم,مخالفم,تا حدودی,موافقم,کاملا موافقم,1,1,[1395],15,0,,
2,معتقدم که وفاداری به آرمان‌ها و اصول مورد تایید من، بیش از "آزادمنشی" و "بی تعصب بودن" اهمیت دارد.,معتقدم که وفاداری به آرمان‌ها و اصول مورد تایید من، بیش از "آزادمنشی" و "بی تعصب بودن" اهمیت دارد.,خیلی مخالفم,مخالفم,تا حدودی,موافقم,کاملا موافقم,1,1,[1396],15,0,,
2,نیازهای انسانی افراد جامعه همیشه باید بر ملاحظات اقتصادی دولت اولویت داشته باشند.,نیازهای انسانی افراد جامعه همیشه باید بر ملاحظات اقتصادی دولت اولویت داشته باشند.,خیلی مخالفم,مخالفم,تا حدودی,موافقم,کاملا موافقم,1,1,[1397],15,0,,
2,اغلب کارها را بدون تفکر قبلی و به‌خاطر یک انگیزه آنی انجام می‌دهم.,اغلب کارها را بدون تفکر قبلی و به‌خاطر یک انگیزه آنی انجام می‌دهم.,خیلی مخالفم,مخالفم,تا حدودی,موافقم,کاملا موافقم,1,1,[1398],15,0,,
2,من بیشتر اوقات نگران این موضوع هستم که مبادا کارها طبق نقشه و به‌درستی پیش نروند.,من بیشتر اوقات نگران این موضوع هستم که مبادا کارها طبق نقشه و به‌درستی پیش نروند.,خیلی مخالفم,مخالفم,تا حدودی,موافقم,کاملا موافقم,1,1,[1399],16,0,,
2,لبخند زدن به افراد غریبه و برقراری ارتباط با آنها برای من آسان است.,لبخند زدن به افراد غریبه و برقراری ارتباط با آنها برای من آسان است.,خیلی مخالفم,مخالفم,تا حدودی,موافقم,کاملا موافقم,1,1,[1400],16,0,,
2,اگر احساس کنم ذهنم در جهت خیال‌پردازی پیش می‌رود، خودم را به کاری مشغول کرده و حواسم را بر روی آن کار متمرکز می‌کنم.,اگر احساس کنم ذهنم در جهت خیال‌پردازی پیش می‌رود، خودم را به کاری مشغول کرده و حواسم را بر روی آن کار متمرکز می‌کنم.,خیلی مخالفم,مخالفم,تا حدودی,موافقم,کاملا موافقم,1,1,[1401],16,0,,
2,واکنش اولیه من در برخورد با افراد مختلف این است که به‌راحتی می‌توانم به آنها اعتماد ‌کنم.,واکنش اولیه من در برخورد با افراد مختلف این است که به‌راحتی می‌توانم به آنها اعتماد ‌کنم.,خیلی مخالفم,مخالفم,تا حدودی,موافقم,کاملا موافقم,1,1,[1402],16,0,,
2,تصور می‌کنم که در هیچ کاری موفق نمی‌شوم.,تصور می‌کنم که در هیچ کاری موفق نمی‌شوم.,خیلی مخالفم,مخالفم,تا حدودی,موافقم,کاملا موافقم,1,1,[1403],16,0,,
2,من به ندرت عصبانی می‌شوم.,من به ندرت عصبانی می‌شوم.,خیلی مخالفم,مخالفم,تا حدودی,موافقم,کاملا موافقم,1,1,[1404],16,0,,
2,ترجیح می‌دهم تعطیلات خود را به‌جای اقامت در یک کلبه جنگلی دور افتاده، در یک ساحل عمومی شلوغ بگذرانم.,ترجیح می‌دهم تعطیلات خود را به‌جای اقامت در یک کلبه جنگلی دور افتاده، در یک ساحل عمومی شلوغ بگذرانم.,خیلی مخالفم,مخالفم,تا حدودی,موافقم,کاملا موافقم,1,1,[1405],16,0,,
2,انواع خاصی از موسیقی برای من بسیار شورانگیز هستند.,انواع خاصی از موسیقی برای من بسیار شورانگیز هستند.,خیلی مخالفم,مخالفم,تا حدودی,موافقم,کاملا موافقم,1,1,[1406],16,0,,
2,گاهی با چرب‌زبانی و قدرت کلام، دیگران را به انجام دادن کارهای موردنظرم وادار می‌کنم.,گاهی با چرب‌زبانی و قدرت کلام، دیگران را به انجام دادن کارهای موردنظرم وادار می‌کنم.,خیلی مخالفم,مخالفم,تا حدودی,موافقم,کاملا موافقم,1,1,[1407],16,0,,
2,فردی کم‌رو، سخت‌گیر و پرتوقع هستم.,فردی کم‌رو، سخت‌گیر و پرتوقع هستم.,خیلی مخالفم,مخالفم,تا حدودی,موافقم,کاملا موافقم,1,1,[1408],16,0,,
2,نسبت به خود، نظر منفی دارم.,نسبت به خود، نظر منفی دارم.,خیلی مخالفم,مخالفم,تا حدودی,موافقم,کاملا موافقم,1,1,[1409],17,0,,
2,ترجیح می‌دهم به‌جای رهبری گروه، به‌دنبال انجام کارهای خودم باشم.,ترجیح می‌دهم به‌جای رهبری گروه، به‌دنبال انجام کارهای خودم باشم.,خیلی مخالفم,مخالفم,تا حدودی,موافقم,کاملا موافقم,1,1,[1410],17,0,,
2,به ندرت عواطف و احساسات دیگران را درک می‌کنم.,به ندرت عواطف و احساسات دیگران را درک می‌کنم.,خیلی مخالفم,مخالفم,تا حدودی,موافقم,کاملا موافقم,1,1,[1411],17,0,,
2,بیشتر افرادی که می‌شناسم مرا دوست دارند.,بیشتر افرادی که می‌شناسم مرا دوست دارند.,خیلی مخالفم,مخالفم,تا حدودی,موافقم,کاملا موافقم,1,1,[1412],17,0,,
2,از اصول اخلاقی به‌طور کامل پیروی می‌کنم.,از اصول اخلاقی به‌طور کامل پیروی می‌کنم.,خیلی مخالفم,مخالفم,تا حدودی,موافقم,کاملا موافقم,1,1,[1413],17,0,,
2,در حضور روسای خود و دیگر افراد مهم و صاحب قدرت، احساس آرامش و راحتی می‌کنم.,در حضور روسای خود و دیگر افراد مهم و صاحب قدرت، احساس آرامش و راحتی می‌کنم.,خیلی مخالفم,مخالفم,تا حدودی,موافقم,کاملا موافقم,1,1,[1414],17,0,,
2,معمولا اینگونه به‌نظر می‌رسد که در حال عجله هستم.,معمولا اینگونه به‌نظر می‌رسد که در حال عجله هستم.,خیلی مخالفم,مخالفم,تا حدودی,موافقم,کاملا موافقم,1,1,[1415],17,0,,
2,گاهی اوقات تنها برای این‌که کار تازه‌ای انجام داده باشم، محل اثاثیه خانه را تغییر می‌دهم.,گاهی اوقات تنها برای این‌که کار تازه‌ای انجام داده باشم، محل اثاثیه خانه را تغییر می‌دهم.,خیلی مخالفم,مخالفم,تا حدودی,موافقم,کاملا موافقم,1,1,[1416],17,0,,
2,اگر کسی با من شروع به جنگ و دعوا کند، برای جدال با او آماده هستم.,اگر کسی با من شروع به جنگ و دعوا کند، برای جدال با او آماده هستم.,خیلی مخالفم,مخالفم,تا حدودی,موافقم,کاملا موافقم,1,1,[1417],17,0,,
2,برای به‌دست آوردن تمام خواسته های خود تلاش می‌کنم.,برای به‌دست آوردن تمام خواسته های خود تلاش می‌کنم.,خیلی مخالفم,مخالفم,تا حدودی,موافقم,کاملا موافقم,1,1,[1418],17,0,,
2,گاهی آنقدر غذا می‌خورم که دچار دل درد می شوم.,گاهی آنقدر غذا می‌خورم که دچار دل درد می شوم.,خیلی مخالفم,مخالفم,تا حدودی,موافقم,کاملا موافقم,1,1,[1419],18,0,,
2,عاشق ترس‌های ناشی از سوار شدن چرخ و فلک یا کارهای خطرناک دیگر هستم.,عاشق ترس‌های ناشی از سوار شدن چرخ و فلک یا کارهای خطرناک دیگر هستم.,خیلی مخالفم,مخالفم,تا حدودی,موافقم,کاملا موافقم,1,1,[1420],18,0,,
2,علاقه‌ای به تفکر و تامل جدی درباره سرنوشت جهان یا انسان ندارم.,علاقه‌ای به تفکر و تامل جدی درباره سرنوشت جهان یا انسان ندارم.,خیلی مخالفم,مخالفم,تا حدودی,موافقم,کاملا موافقم,1,1,[1421],18,0,,
2,احساس می‌کنم مزیت و برتری خاصی نسبت به افراد دیگر ندارم.( صرف‌نظر از موقعیت و وضع افراد),احساس می‌کنم مزیت و برتری خاصی نسبت به افراد دیگر ندارم.( صرف‌نظر از موقعیت و وضع افراد),خیلی مخالفم,مخالفم,تا حدودی,موافقم,کاملا موافقم,1,1,[1422],18,0,,
2,وقتی در اجرای یک طرح یا نقشه با مشکل روبه‌رو می‌شوم، تمایل دارم طرح یا نقشه دیگری را آغاز کنم.,وقتی در اجرای یک طرح یا نقشه با مشکل روبه‌رو می‌شوم، تمایل دارم طرح یا نقشه دیگری را آغاز کنم.,خیلی مخالفم,مخالفم,تا حدودی,موافقم,کاملا موافقم,1,1,[1423],18,0,,
2,در موقعیت‌های بحرانی به‌خوبی می‌توانم خود را کنترل و اداره کنم.,در موقعیت‌های بحرانی به‌خوبی می‌توانم خود را کنترل و اداره کنم.,خیلی مخالفم,مخالفم,تا حدودی,موافقم,کاملا موافقم,1,1,[1424],18,0,,
2,من فردی خوش‌مشرب، شاد و با روحیه هستم.,من فردی خوش‌مشرب، شاد و با روحیه هستم.,خیلی مخالفم,مخالفم,تا حدودی,موافقم,کاملا موافقم,1,1,[1425],18,0,,
2,خود را فردی توانا و بردبار می‌دانم که می‌تواند راه و رسم زندگی و طرز تفکر دیگران را به خوبی قبول کند.,خود را فردی توانا و بردبار می‌دانم که می‌تواند راه و رسم زندگی و طرز تفکر دیگران را به خوبی قبول کند.,خیلی مخالفم,مخالفم,تا حدودی,موافقم,کاملا موافقم,1,1,[1426],18,0,,
2,من معتقدم که همه انسانها با ارزش و قابل احترام هستند.,من معتقدم که همه انسانها با ارزش و قابل احترام هستند.,خیلی مخالفم,مخالفم,تا حدودی,موافقم,کاملا موافقم,1,1,[1427],18,0,,
2,من به ندرت تصمیمی عجولانه می گیرم.,من به ندرت تصمیمی عجولانه می گیرم.,خیلی مخالفم,مخالفم,تا حدودی,موافقم,کاملا موافقم,1,1,[1428],18,0,,
2,در مقایسه با بیشتر افراد، ترس کمتری دارم.,در مقایسه با بیشتر افراد، ترس کمتری دارم.,خیلی مخالفم,مخالفم,تا حدودی,موافقم,کاملا موافقم,1,1,[1429],19,0,,
2,به دوستان خود وابستگی عاطفی زیادی دارم.,به دوستان خود وابستگی عاطفی زیادی دارم.,خیلی مخالفم,مخالفم,تا حدودی,موافقم,کاملا موافقم,1,1,[1430],19,0,,
2,در زمان کودکی هرگز از بازی‌هایی که نیازمند تقلید نقش دیگران بودند لذت نمی‌بردم.,در زمان کودکی هرگز از بازی‌هایی که نیازمند تقلید نقش دیگران بودند لذت نمی‌بردم.,خیلی مخالفم,مخالفم,تا حدودی,موافقم,کاملا موافقم,1,1,[1431],19,0,,
2,معمولا در مورد افراد مختلف خوش‌بین هستم.,معمولا در مورد افراد مختلف خوش‌بین هستم.,خیلی مخالفم,مخالفم,تا حدودی,موافقم,کاملا موافقم,1,1,[1432],19,0,,
2,فرد بسیار شایسته و کارآمدی هستم.,فرد بسیار شایسته و کارآمدی هستم.,خیلی مخالفم,مخالفم,تا حدودی,موافقم,کاملا موافقم,1,1,[1433],19,0,,
2,گاهی اوقات نسبت به دیگران احساس خصومت و آزردگی خاطر می‌کنم.,گاهی اوقات نسبت به دیگران احساس خصومت و آزردگی خاطر می‌کنم.,خیلی مخالفم,مخالفم,تا حدودی,موافقم,کاملا موافقم,1,1,[1434],19,0,,
2,معمولا معاشرت و گردهمایی اجتماعی برای من ناخوشایند و کسل‌کننده است.,معمولا معاشرت و گردهمایی اجتماعی برای من ناخوشایند و کسل‌کننده است.,خیلی مخالفم,مخالفم,تا حدودی,موافقم,کاملا موافقم,1,1,[1435],19,0,,
2,گاهی در زمان خواندن شعر یا نگاه کردن به یک اثر هنری، موجی از احساس افسردگی یا هیجان مرا در بر می‌گیرد.,گاهی در زمان خواندن شعر یا نگاه کردن به یک اثر هنری، موجی از احساس افسردگی یا هیجان مرا در بر می‌گیرد.,خیلی مخالفم,مخالفم,تا حدودی,موافقم,کاملا موافقم,1,1,[1436],19,0,,
2,معمولا افراد را با اعمال فشار، تملق و خوش‌آمدگویی به انجام دادن کارهای موردنظر خود وادار می‌کنم.,معمولا افراد را با اعمال فشار، تملق و خوش‌آمدگویی به انجام دادن کارهای موردنظر خود وادار می‌کنم.,خیلی مخالفم,مخالفم,تا حدودی,موافقم,کاملا موافقم,1,1,[1437],19,0,,
2,در مورد تمیز کردن لوازم وسواس ندارم.,در مورد تمیز کردن لوازم وسواس ندارم.,خیلی مخالفم,مخالفم,تا حدودی,موافقم,کاملا موافقم,1,1,[1438],19,0,,
2,گاهی زندگی را تیره و ناامیدکننده می‌بینم.,گاهی زندگی را تیره و ناامیدکننده می‌بینم.,خیلی مخالفم,مخالفم,تا حدودی,موافقم,کاملا موافقم,1,1,[1439],20,0,,
2,در هنگام صحبت کردن با دیگران، معمولا بیشتر از آنها حرف می‌زنم.,در هنگام صحبت کردن با دیگران، معمولا بیشتر از آنها حرف می‌زنم.,خیلی مخالفم,مخالفم,تا حدودی,موافقم,کاملا موافقم,1,1,[1440],20,0,,
2,همدلی و همدردی با دیگران برای من آسان است.,همدلی و همدردی با دیگران برای من آسان است.,خیلی مخالفم,مخالفم,تا حدودی,موافقم,کاملا موافقم,1,1,[1441],20,0,,
2,خود را فردی بخشنده و نیکوکار می‌دانم.,خود را فردی بخشنده و نیکوکار می‌دانم.,خیلی مخالفم,مخالفم,تا حدودی,موافقم,کاملا موافقم,1,1,[1442],20,0,,
2,سعی می‌کنم کارهایم را بادقت انجام بدهم تا الزامی برای انجام مجدد آنها به‌وجود نیاید.,سعی می‌کنم کارهایم را بادقت انجام بدهم تا الزامی برای انجام مجدد آنها به‌وجود نیاید.,خیلی مخالفم,مخالفم,تا حدودی,موافقم,کاملا موافقم,1,1,[1443],20,0,,
2,اگر حرف بدی بزنم یا کار غلطی در قبال یک شخص انجام بدهم، به‌شدت احساس شرمندگی کرده و دچار عذاب وجدان می‌شوم.,اگر حرف بدی بزنم یا کار غلطی در قبال یک شخص انجام بدهم، به‌شدت احساس شرمندگی کرده و دچار عذاب وجدان می‌شوم.,خیلی مخالفم,مخالفم,تا حدودی,موافقم,کاملا موافقم,1,1,[1444],20,0,,
2,همه زندگی و کارهای من با سرعت انجام می شود.,همه زندگی و کارهای من با سرعت انجام می شود.,خیلی مخالفم,مخالفم,تا حدودی,موافقم,کاملا موافقم,1,1,[1445],20,0,,
2,ترجیح می‌دهم تعطیلات خود را در مکان‌هایی سپری کنم که قبلا آنجا را امتحان کرده و به‌درستی شناخته‌ام.,ترجیح می‌دهم تعطیلات خود را در مکان‌هایی سپری کنم که قبلا آنجا را امتحان کرده و به‌درستی شناخته‌ام.,خیلی مخالفم,مخالفم,تا حدودی,موافقم,کاملا موافقم,1,1,[1446],20,0,,
2,فرد جدی و سرسختی هستم.,فرد جدی و سرسختی هستم.,خیلی مخالفم,مخالفم,تا حدودی,موافقم,کاملا موافقم,1,1,[1447],20,0,,
2,سعی می‌کنم کارهایم را به بهترین نحو انجام دهم.,سعی می‌کنم کارهایم را به بهترین نحو انجام دهم.,خیلی مخالفم,مخالفم,تا حدودی,موافقم,کاملا موافقم,1,1,[1448],20,0,,
2,گاهی بدون تفکر کارهایی را انجام می‌دهم که باعث پشیمانی من می‌شوند.,گاهی بدون تفکر کارهایی را انجام می‌دهم که باعث پشیمانی من می‌شوند.,خیلی مخالفم,مخالفم,تا حدودی,موافقم,کاملا موافقم,1,1,[1449],21,0,,
2,از رنگ‌های روشن و لباس‌های پُر زرق و برق خوشم می‌آید.,از رنگ‌های روشن و لباس‌های پُر زرق و برق خوشم می‌آید.,خیلی مخالفم,مخالفم,تا حدودی,موافقم,کاملا موافقم,1,1,[1450],21,0,,
2,من کنجکاوی فکری زیادی دارم.,من کنجکاوی فکری زیادی دارم.,خیلی مخالفم,مخالفم,تا حدودی,موافقم,کاملا موافقم,1,1,[1451],21,0,,
2,من ترجیح می دهم از دیگران تمجید كنم تا این که خودم مورد تمجید قرار گیرم.,من ترجیح می دهم از دیگران تمجید كنم تا این که خودم مورد تمجید قرار گیرم.,خیلی مخالفم,مخالفم,تا حدودی,موافقم,کاملا موافقم,1,1,[1452],21,0,,
2,معمولا نکات جزئی موجود در کارها به‌قدری زیاد هستند که گاهی همه آنها را نادیده می‌گیرم.,معمولا نکات جزئی موجود در کارها به‌قدری زیاد هستند که گاهی همه آنها را نادیده می‌گیرم.,خیلی مخالفم,مخالفم,تا حدودی,موافقم,کاملا موافقم,1,1,[1453],21,0,,
2,در شرایطی که همه چیز به‌طور غلط پیش می‌رود، می‌توانم تصمیمات خوبی را اتخاذ کنم.,در شرایطی که همه چیز به‌طور غلط پیش می‌رود، می‌توانم تصمیمات خوبی را اتخاذ کنم.,خیلی مخالفم,مخالفم,تا حدودی,موافقم,کاملا موافقم,1,1,[1454],21,0,,
2,من به‌ندرت برای توصیف تجارب خود از کلماتی چون "فوق العاده" یا "جنجالی" استفاده می‌کنم.,من به‌ندرت برای توصیف تجارب خود از کلماتی چون "فوق العاده" یا "جنجالی" استفاده می‌کنم.,خیلی مخالفم,مخالفم,تا حدودی,موافقم,کاملا موافقم,1,1,[1455],21,0,,
2,به نظر من اگر شخصی در سن 25 سالگی نداند که به چه چیزهایی اعتقاد دارد باید در سلامت او شک کرد.,به نظر من اگر شخصی در سن 25 سالگی نداند که به چه چیزهایی اعتقاد دارد باید در سلامت او شک کرد.,خیلی مخالفم,مخالفم,تا حدودی,موافقم,کاملا موافقم,1,1,[1456],21,0,,
2,نسبت به افرادی که کمتر از من خوشبخت هستند احساس همدردی می کنم.,نسبت به افرادی که کمتر از من خوشبخت هستند احساس همدردی می کنم.,خیلی مخالفم,مخالفم,تا حدودی,موافقم,کاملا موافقم,1,1,[1457],21,0,,
2,قبل از رفتن به مسافرت، به‌دقت برنامه‌ریزی می‌کنم.,قبل از رفتن به مسافرت، به‌دقت برنامه‌ریزی می‌کنم.,خیلی مخالفم,مخالفم,تا حدودی,موافقم,کاملا موافقم,1,1,[1458],21,0,,
2,بعضی مواقع افکار ترسناکی به ذهن من هجوم می‌آورند.,بعضی مواقع افکار ترسناکی به ذهن من هجوم می‌آورند.,خیلی مخالفم,مخالفم,تا حدودی,موافقم,کاملا موافقم,1,1,[1459],22,0,,
2,نسبت به همکاران خود، نوعی علاقه و مسئولیت شخصی دارم.,نسبت به همکاران خود، نوعی علاقه و مسئولیت شخصی دارم.,خیلی مخالفم,مخالفم,تا حدودی,موافقم,کاملا موافقم,1,1,[1460],22,0,,
2,نمی توانم افکارم را کنترل کرده و آن‌ها را در چارچوب‌های مشخص قرار می‌دهم.,نمی توانم افکارم را کنترل کرده و آن‌ها را در چارچوب‌های مشخص قرار می‌دهم.,خیلی مخالفم,مخالفم,تا حدودی,موافقم,کاملا موافقم,1,1,[1461],22,0,,
2,اعتقاد خوبی به فطرت و ذات انسان دارم.,اعتقاد خوبی به فطرت و ذات انسان دارم.,خیلی مخالفم,مخالفم,تا حدودی,موافقم,کاملا موافقم,1,1,[1462],22,0,,
2,من در انجام کارهای خود، فردی موثر و کارآمد هستم.,من در انجام کارهای خود، فردی موثر و کارآمد هستم.,خیلی مخالفم,مخالفم,تا حدودی,موافقم,کاملا موافقم,1,1,[1463],22,0,,
2,حتی آزردگی و ناراحتی‌های بسیار کوچک نیز می‌توانند احساسی از ناکامی و محرومیت را در من ایجاد کنند.,حتی آزردگی و ناراحتی‌های بسیار کوچک نیز می‌توانند احساسی از ناکامی و محرومیت را در من ایجاد کنند.,خیلی مخالفم,مخالفم,تا حدودی,موافقم,کاملا موافقم,1,1,[1464],22,0,,
2,از میهمانی‌های بزرگ و پرجمعیت لذت می‌برم.,از میهمانی‌های بزرگ و پرجمعیت لذت می‌برم.,خیلی مخالفم,مخالفم,تا حدودی,موافقم,کاملا موافقم,1,1,[1465],22,0,,
2,برخلاف اشعار داستانی، از خواندن اشعاری که بر روی احساسات و تخیلات تاکید می‌کنند بیشتر لذت می‌برم.,برخلاف اشعار داستانی، از خواندن اشعاری که بر روی احساسات و تخیلات تاکید می‌کنند بیشتر لذت می‌برم.,خیلی مخالفم,مخالفم,تا حدودی,موافقم,کاملا موافقم,1,1,[1466],22,0,,
2,از زیرکی خود در کنترل و اداره افراد لذت می‌برم.,از زیرکی خود در کنترل و اداره افراد لذت می‌برم.,خیلی مخالفم,مخالفم,تا حدودی,موافقم,کاملا موافقم,1,1,[1467],22,0,,
2, برای پیدا کردن اشیایی که آن‌ها را به اشتباه در جای دیگری قرار داده‌ام، وقت زیادی صرف می‌کنم., برای پیدا کردن اشیایی که آن‌ها را به اشتباه در جای دیگری قرار داده‌ام، وقت زیادی صرف می‌کنم.,خیلی مخالفم,مخالفم,تا حدودی,موافقم,کاملا موافقم,1,1,[1468],22,0,,
2,در اکثر اوقات که کارها طبق نقشه پیش نمی‌روند یا اشتباه از آب در می‌آیند، احساس دلسردی کرده و تمایل دارم که آنها را ناتمام رها کنم.,در اکثر اوقات که کارها طبق نقشه پیش نمی‌روند یا اشتباه از آب در می‌آیند، احساس دلسردی کرده و تمایل دارم که آنها را ناتمام رها کنم.,خیلی مخالفم,مخالفم,تا حدودی,موافقم,کاملا موافقم,1,1,[1469],23,0,,
2,قبول مسئولیت برای اداره کردن یا رهبری یک موقعیت برای من آسان نیست.,قبول مسئولیت برای اداره کردن یا رهبری یک موقعیت برای من آسان نیست.,خیلی مخالفم,مخالفم,تا حدودی,موافقم,کاملا موافقم,1,1,[1470],23,0,,
2,اشیای غیرعادی از قبیل بعضی عطرها یا اسامی مکان‌های دور می‌توانند احساسات و عواطف شدیدی را در من ایجاد کنند.,اشیای غیرعادی از قبیل بعضی عطرها یا اسامی مکان‌های دور می‌توانند احساسات و عواطف شدیدی را در من ایجاد کنند.,خیلی مخالفم,مخالفم,تا حدودی,موافقم,کاملا موافقم,1,1,[1471],23,0,,
2,در صورت داشتن توانایی، به آسانی و بدون نیاز به درخواست دیگران به آن‌ها کمک می‌کنم.,در صورت داشتن توانایی، به آسانی و بدون نیاز به درخواست دیگران به آن‌ها کمک می‌کنم.,خیلی مخالفم,مخالفم,تا حدودی,موافقم,کاملا موافقم,1,1,[1472],23,0,,
2,باید مریض شده باشم تا یک روز مرخصی گرفته و به سر کار نروم.,باید مریض شده باشم تا یک روز مرخصی گرفته و به سر کار نروم.,خیلی مخالفم,مخالفم,تا حدودی,موافقم,کاملا موافقم,1,1,[1473],23,0,,
2,وقتی دیگران کار احمقانه‌ای انجام می‌دهند، به جای آن‌ها احساس خجالت می‌کنم.,وقتی دیگران کار احمقانه‌ای انجام می‌دهند، به جای آن‌ها احساس خجالت می‌کنم.,خیلی مخالفم,مخالفم,تا حدودی,موافقم,کاملا موافقم,1,1,[1474],23,0,,
2,من شخص بسیار فعالی هستم.,من شخص بسیار فعالی هستم.,خیلی مخالفم,مخالفم,تا حدودی,موافقم,کاملا موافقم,1,1,[1475],23,0,,
2,برای رفتن به یک مکان، همیشه از یک مسیر ثابت استفاده می‌کنم.,برای رفتن به یک مکان، همیشه از یک مسیر ثابت استفاده می‌کنم.,خیلی مخالفم,مخالفم,تا حدودی,موافقم,کاملا موافقم,1,1,[1476],23,0,,
2,معمولا با اعضای خانواده و همکارانم، مشاجره و بحث نمی‌کنم.,معمولا با اعضای خانواده و همکارانم، مشاجره و بحث نمی‌کنم.,خیلی مخالفم,مخالفم,تا حدودی,موافقم,کاملا موافقم,1,1,[1477],23,0,,
2,من یکی از افراد"معتاد به کار" هستم که هرگز نمی‌توانم بیکار باشم.,من یکی از افراد"معتاد به کار" هستم که هرگز نمی‌توانم بیکار باشم.,خیلی مخالفم,مخالفم,تا حدودی,موافقم,کاملا موافقم,1,1,[1478],23,0,,
2,همیشه می‌‌توانم احساساتم را کنترل کنم.,همیشه می‌‌توانم احساساتم را کنترل کنم.,خیلی مخالفم,مخالفم,تا حدودی,موافقم,کاملا موافقم,1,1,[1479],24,0,,
2,در خلال حوادث ورزشی دوست دارم جزیی از جمعیت باشم و مانند بقیه رفتار کنم.,در خلال حوادث ورزشی دوست دارم جزیی از جمعیت باشم و مانند بقیه رفتار کنم.,خیلی مخالفم,مخالفم,تا حدودی,موافقم,کاملا موافقم,1,1,[1480],24,0,,
2,علایق فکری وسیع و متنوعی دارم.,علایق فکری وسیع و متنوعی دارم.,خیلی مخالفم,مخالفم,تا حدودی,موافقم,کاملا موافقم,1,1,[1481],24,0,,
2,فرد مهم و برتری هستم.,فرد مهم و برتری هستم.,خیلی مخالفم,مخالفم,تا حدودی,موافقم,کاملا موافقم,1,1,[1482],24,0,,
2,فرد بسیار منضبطی هستم و می‌توانم خود را به‌‎خوبی کنترل کنم.,فرد بسیار منضبطی هستم و می‌توانم خود را به‌‎خوبی کنترل کنم.,خیلی مخالفم,مخالفم,تا حدودی,موافقم,کاملا موافقم,1,1,[1483],24,0,,
2,از لحاظ عاطفی، فردی کاملا باثبات و متعادل هستم.,از لحاظ عاطفی، فردی کاملا باثبات و متعادل هستم.,خیلی مخالفم,مخالفم,تا حدودی,موافقم,کاملا موافقم,1,1,[1484],24,0,,
2, زود خنده‌ام می‌گیرد., زود خنده‌ام می‌گیرد.,خیلی مخالفم,مخالفم,تا حدودی,موافقم,کاملا موافقم,1,1,[1485],24,0,,
2,معتقدم که فلسفه جدید "آزادی فردی" فلسفه قابل قبولی نیست.,معتقدم که فلسفه جدید "آزادی فردی" فلسفه قابل قبولی نیست.,خیلی مخالفم,مخالفم,تا حدودی,موافقم,کاملا موافقم,1,1,[1486],24,0,,
2,ترجیح می دهم دیگران مرا فردی دل رحم و خطا بخش بشناسند تا صرفا طرفدار اجرای عدالت.,ترجیح می دهم دیگران مرا فردی دل رحم و خطا بخش بشناسند تا صرفا طرفدار اجرای عدالت.,خیلی مخالفم,مخالفم,تا حدودی,موافقم,کاملا موافقم,1,1,[1487],24,0,,
2,قبل از پاسخ دادن به سوال، به‌دقت درباره آن‌ فکر می‌کنم.,قبل از پاسخ دادن به سوال، به‌دقت درباره آن‌ فکر می‌کنم.,خیلی مخالفم,مخالفم,تا حدودی,موافقم,کاملا موافقم,1,1,[1488],24,0,,
